Location,Subject
Virginia,Farming
Virginia,Farming
Virginia,Farming
Virginia,Farming
Virginia,Farming
Virginia,Farming
Virginia,Farming
Virginia,Farming
Virginia,Farming
Virginia,Farming
Virginia,Farming
Massachusets,Alcohol & Tobacco
Massachusets,Alcohol & Tobacco
Massachusets,Alcohol & Tobacco
Massachusets,Alcohol & Tobacco
Massachusets,Alcohol & Tobacco
Massachusets,Alcohol & Tobacco
Massachusets,Alcohol & Tobacco
Massachusets,Alcohol & Tobacco
Massachusets,Alcohol & Tobacco
New York,Economy
New York,Economy
New York,Economy
New York,Economy
New York,Economy
New York,Economy
South Carolina,French Revolution
South Carolina,French Revolution
South Carolina,French Revolution
South Carolina,French Revolution
